ParticipantCode,Participant_ID,Simple_N,Simple_Mean,Simple_SD,Simple_se,Passive_N,Passive_Mean,Passive_SD,Passive_se,SRC_N,SRC_Mean,SRC_SD,SRC_se,ORC_N,ORC_Mean,ORC_SD,ORC_se,RE_ResponseTime,RE_Score,RE_Score_N,Group,DS_Reaction_Time,Age,SES,ComputerSkills,Gender,English,Dyslexia,ReadingDificulties,ReadingDifficultiesDetails,ART_ResponseTime,ART_score_value,Accuracy_N,Accuracy_Mean,Accuracy_SD,Accuracy_se
1619505233,09a8880b757fa8abf2ffc1bc731c2bbc,19,0.947368421,0.229415734,0.052631579,19,0.684210526,0.477566933,0.109561368,11,1,0,0,11,0.909090909,0.301511345,0.090909091,38283,6,10,Native,29759,20,50K-75K,Very Comfortable,Female,birth,No,No,No,298964,25,62,0.870967742,0.337972303,0.042922525
1607051230,64b15a2b8871beb13aca2ca594b4013f,20,1,0,0,19,0.894736842,0.315301768,0.072335186,10,1,0,0,10,0.9,0.316227766,0.1,40691,2.8,10,Native,22073,20,100K-200K,Somewhat comfortable,male,birth,No,No,No,292274,26,62,0.935483871,0.247675604,0.031454833
1606953465,3e43980b4497f27c169cc1af744ff34f,19,1,0,0,19,0.631578947,0.495594628,0.113697205,11,0.636363636,0.504524979,0.152120005,11,0.909090909,0.301511345,0.090909091,16508,5.75,4,Native,69765,NA,,Neither comfortable nor uncomfortable,,birth,No,No,No,288605,10,62,0.806451613,0.398304179,0.050584681
1617831958,b9c172bcbeed8f1e4287c731e7fe6cf7,19,1,0,0,19,0.894736842,0.315301768,0.072335186,11,1,0,0,11,0.909090909,0.301511345,0.090909091,59312,2.3,10,Native,79258,22,50K-75K,Somewhat comfortable,female,birth,No,No,No,275714,10,62,0.951612903,0.216334543,0.027474514
1606703150,bde02c2b393db7273d0c3e172bdfb876,20,0.95,0.223606798,0.05,20,0.6,0.50262469,0.112390297,10,1,0,0,11,0.818181818,0.404519917,0.121967344,53885,2.1,10,Native,177719,18,50K-75K,Very Comfortable,Male,before5,No,No,No,268837,18,62,0.822580645,0.385141811,0.048913059
1612118421,9c3938be94653d6d07855f0822ee8523,18,1,0,0,17,0.941176471,0.242535625,0.058823529,11,0.909090909,0.301511345,0.090909091,9,1,0,0,40151,5.9,10,Native,43257,19,50K-75K,Very Comfortable,female,before5,No,No,No,259833,12,62,0.967741935,0.178127044,0.022622157
1607567212,1cb8bf8050f858b88ab26dad83a7b5d5,20,1,0,0,19,0.842105263,0.374634325,0.085947009,11,1,0,0,11,1,0,0,69770,5.1,10,Native,52529,18,unsure,Very Comfortable,Male,before5,No,No,No,249440,18,62,0.951612903,0.216334543,0.027474514
1607625923,d898260244b5a153558a0a3de1ecd6a4,20,0.9,0.307793506,0.06882472,18,0.722222222,0.460888599,0.108632485,11,0.909090909,0.301511345,0.090909091,11,0.545454545,0.522232968,0.157459164,245998,3.3,10,Native,154605,18,25K-50K,Very Comfortable,female,before5,No,No,No,245071,5,62,0.790322581,0.410401514,0.052121044
1606434920,2e18175ca1db89e111def8221baa7091,20,1,0,0,20,0.95,0.223606798,0.05,11,1,0,0,11,1,0,0,20346,4.6,5,Native,26353,18,25K-50K,Very Comfortable,female,birth,No,No,No,243992,16,62,0.983870968,0.127000127,0.016129032
1607111461,e7aecf9234a8627cf81d316e497a2b61,20,1,0,0,19,0.947368421,0.229415734,0.052631579,10,1,0,0,11,1,0,0,105163,6.4,10,Native,35599,19,50K-75K,Very Comfortable,female,birth,No,No,No,240140,22,62,0.983870968,0.127000127,0.016129032
1617415596,a4fc8471a7cdf2af178fedb68f8a567c,19,1,0,0,19,0.736842105,0.452413928,0.103790873,10,1,0,0,11,0.909090909,0.301511345,0.090909091,38064,6.777777778,9,Native,59309,20,100K-200K,Very Comfortable,female,before5,No,No,No,217152,16,62,0.903225806,0.298063555,0.037854109
1606626190,5e2e3e2c7d6b04c1b9234513dc780d7b,20,0.95,0.223606798,0.05,20,0.85,0.366347549,0.081917802,11,1,0,0,10,1,0,0,79888,5.2,10,Native,61081,18,>200K,Very Comfortable,Female,birth,No,No,No,215269,10,62,0.919354839,0.274512211,0.034863086
1602557337,bc815f4d635e7699360995b6aefcbdab,36,0.944444444,0.232310684,0.038718447,38,0.736842105,0.44625835,0.072392664,38,0.736842105,0.44625835,0.072392664,36,0.777777778,0.421637021,0.070272837,34968,2,10,Native,40127,18,unsure,Very Comfortable,female,birth,No,No,No,209739,17,79,0.797468354,0.404454265,0.04550466
1618346053,c78c9108bab0238ac9a5e19b92aa8b87,19,1,0,0,20,0.85,0.366347549,0.081917802,11,1,0,0,11,1,0,0,85615,2.5,10,Native,64224,21,unsure,Somewhat comfortable,male,before5,No,No,No,207230,11,62,0.951612903,0.216334543,0.027474514
1619497135,5bbfcb1a09297461ca5543f2f533213e,17,1,0,0,20,0.85,0.366347549,0.081917802,10,1,0,0,10,0.8,0.421637021,0.133333333,37154,4,10,Native,28108,19,unsure,Very Comfortable,Female,birth,No,No,No,205574,13,62,0.903225806,0.298063555,0.037854109
1606265254,8e0bf5c5646d4fa794b1c7a02ba594eb,19,1,0,0,20,0.85,0.366347549,0.081917802,9,1,0,0,10,0.9,0.316227766,0.1,71665,4.1,10,Native,49615,19,unsure,Very Comfortable,Female,birth,No,No,No,203689,9,62,0.935483871,0.247675604,0.031454833
1619482468,2a294ba9116902ad94978b0abf09ba39,18,0.944444444,0.23570226,0.055555556,19,0.789473684,0.418853908,0.096091677,11,0.818181818,0.404519917,0.121967344,10,1,0,0,37563,2.3,10,Native,34957,19,25K-50K,Very Comfortable,female,birth,No,No,No,198699,10,62,0.85483871,0.355139049,0.045102704
1605999403,121193afc61c5354783b4208f883c2ef,19,1,0,0,19,0.684210526,0.477566933,0.109561368,10,1,0,0,10,0.9,0.316227766,0.1,70193,4.2,10,Native,66868,20,100K-200K,Somewhat comfortable,Female,birth,No,No,No,198305,9,62,0.887096774,0.319057974,0.040520403
1607554929,6e1e7d12cf6f2cf0dca50913787ef279,20,1,0,0,19,0.736842105,0.452413928,0.103790873,10,0.8,0.421637021,0.133333333,10,0.7,0.483045892,0.152752523,32154,6.1,10,Native,28178,19,100K-200K,Very Comfortable,Male,birth,No,No,No,198176,12,62,0.822580645,0.385141811,0.048913059
1618985942,db0a7aa2b89d036eee22eb92143bfa68,19,1,0,0,19,0.789473684,0.418853908,0.096091677,11,1,0,0,10,0.9,0.316227766,0.1,39960,5.5,10,Native,36967,19,unsure,Very Comfortable,female,birth,No,No,No,195933,15,62,0.919354839,0.274512211,0.034863086
1611973326,a09d02f05700824999d001be4bb3a84a,19,1,0,0,20,0.85,0.366347549,0.081917802,11,0.909090909,0.301511345,0.090909091,11,0.727272727,0.467099366,0.140835758,53338,2.8,10,Native,44493,19,10K-25K,Very Comfortable,female,before5,No,No,No,195879,10,62,0.887096774,0.319057974,0.040520403
1618425411,eca07756a00416cd9cc917269afde6eb,19,0.947368421,0.229415734,0.052631579,17,0.764705882,0.437237316,0.106045626,10,1,0,0,9,1,0,0,33123,3.5,10,Native,22956,19,>200K,Very Comfortable,female,birth,No,No,No,194923,13,62,0.870967742,0.337972303,0.042922525
1607557285,3280995298c793d1f73ed9fc5c5b58a5,18,1,0,0,17,0.823529412,0.392952624,0.09530501,11,0.909090909,0.301511345,0.090909091,10,1,0,0,160992,1.9,10,Native,52103,18,50K-75K,Very Comfortable,Woman,before5,No,No,No,192998,11,62,0.919354839,0.274512211,0.034863086
1607510673,fe2a8631a14e965b079be1be1343ba35,19,0.894736842,0.315301768,0.072335186,19,0.736842105,0.452413928,0.103790873,11,0.909090909,0.301511345,0.090909091,10,0.8,0.421637021,0.133333333,51671,4.9,10,Native,91360,20,50K-75K,Very Comfortable,Male,birth,No,No,No,191610,21,62,0.822580645,0.385141811,0.048913059
1607055649,1ec67e114e30c20efd231ad579276a44,19,1,0,0,19,0.684210526,0.477566933,0.109561368,9,0.888888889,0.333333333,0.111111111,11,0.818181818,0.404519917,0.121967344,35876,6.2,10,Native,28777,18,<75K-100K,Very Comfortable,female,birth,No,No,No,185128,10,62,0.838709677,0.370801011,0.047091775
1606185736,663e78f703bab8730d54a3671f0980b4,18,1,0,0,18,0.944444444,0.23570226,0.055555556,9,0.888888889,0.333333333,0.111111111,11,0.909090909,0.301511345,0.090909091,24593,4.8,5,Native,42750,18,100K-200K,Very Comfortable,female,birth,No,No,No,184158,9,62,0.935483871,0.247675604,0.031454833
1619500085,5bbfcb1a09297461ca5543f2f533213e,18,0.944444444,0.23570226,0.055555556,18,0.833333333,0.383482494,0.090387691,10,1,0,0,11,0.909090909,0.301511345,0.090909091,42133,3.1,10,Native,20272,19,unsure,Very Comfortable,Female,birth,No,No,No,183532,17,62,0.919354839,0.274512211,0.034863086
1607553248,6883d5cfc546a93954936075e84f6735,19,0.947368421,0.229415734,0.052631579,17,0.823529412,0.392952624,0.09530501,10,0.5,0.527046277,0.166666667,10,0.7,0.483045892,0.152752523,32742,1.6,10,Native,71135,20,100K-200K,Very Comfortable,Female,birth,No,No,No,172619,10,62,0.774193548,0.421525521,0.053533795
1617576638,d21d41b30eaae3cf9d16ae309502bebe,19,0.947368421,0.229415734,0.052631579,20,0.7,0.470162346,0.105131497,11,0.909090909,0.301511345,0.090909091,11,0.727272727,0.467099366,0.140835758,85635,5.8,10,Native,41801,20,<75K-100K,Very Comfortable,Female,birth,No,No,No,171195,16,62,0.822580645,0.385141811,0.048913059
1618366591,6204740841d426d5490bd7ff9c8c99b2,19,1,0,0,19,0.736842105,0.452413928,0.103790873,11,0.909090909,0.301511345,0.090909091,11,1,0,0,44910,5.7,10,Native,36865,21,50K-75K,Very Comfortable,female,birth,No,No,No,166681,19,62,0.903225806,0.298063555,0.037854109
1607299491,1bcad93dec0f5bff7591b026c96fc14f,19,0.947368421,0.229415734,0.052631579,19,0.631578947,0.495594628,0.113697205,11,0.909090909,0.301511345,0.090909091,10,0.9,0.316227766,0.1,13974,5.4,5,Native,16152,NA,>200K,Very Comfortable,,birth,No,No,No,164455,19,62,0.822580645,0.385141811,0.048913059
1611964030,b0f0520f705d01abf77debe3f6b600bd,19,1,0,0,20,0.65,0.489360485,0.109424331,10,1,0,0,11,1,0,0,23037,2.166666667,6,Native,24990,NA,<75K-100K,Somewhat comfortable,,birth,No,No,No,164435,7,62,0.887096774,0.319057974,0.040520403
1602600480,117d1700cf7907f7612fa9216c9dfeab,36,0.944444444,0.232310684,0.038718447,34,0.882352941,0.32703497,0.056086035,34,0.882352941,0.32703497,0.056086035,38,0.736842105,0.44625835,0.072392664,12028,6.75,4,Native,45361,19,25K-50K,Very Comfortable,Female,birth,No,No,No,162046,8,80,0.8375,0.371236388,0.04150549
1618695134,dbf28c64b411bc5434b038b7c6ac048c,14,1,0,0,18,0.944444444,0.23570226,0.055555556,10,0.9,0.316227766,0.1,11,0.818181818,0.404519917,0.121967344,24562,6.9,10,Native,27460,20,25K-50K,Somewhat comfortable,Female,birth,No,No,No,161240,23,62,0.935483871,0.247675604,0.031454833
1607462478,b59dda2a40e4f28c285c36486e769728,20,1,0,0,19,0.947368421,0.229415734,0.052631579,11,0.909090909,0.301511345,0.090909091,11,1,0,0,70875,2.8,10,Native,37699,19,<75K-100K,Very Comfortable,Male,birth,No,No,No,160293,11,62,0.967741935,0.178127044,0.022622157
1607033486,c6c6e7077df865cbd170e32fd6abcc4b,19,1,0,0,20,0.8,0.410391341,0.091766294,11,1,0,0,10,1,0,0,18482,5,5,Native,31991,21,100K-200K,Very Comfortable,Female,birth,No,No,No,159104,21,62,0.935483871,0.247675604,0.031454833
1607408139,0fe4e9ebb53edde6f8243cf1d993125c,19,1,0,0,19,0.842105263,0.374634325,0.085947009,11,0.909090909,0.301511345,0.090909091,11,0.909090909,0.301511345,0.090909091,29347,4.2,10,Native,26532,19,unsure,Very Comfortable,female,birth,No,No,No,158348,22,62,0.919354839,0.274512211,0.034863086
1607271495,4628cd5d24187f129e519b80b693f06b,19,1,0,0,20,0.95,0.223606798,0.05,9,1,0,0,10,1,0,0,54503,5,10,Native,40616,19,25K-50K,Very Comfortable,Female,birth,No,No,No,157595,18,62,0.983870968,0.127000127,0.016129032
1606419246,e6b7b1d8cb54fad768f85cd0c5b3de5d,19,1,0,0,19,0.789473684,0.418853908,0.096091677,11,0.909090909,0.301511345,0.090909091,11,0.909090909,0.301511345,0.090909091,82799,2,5,Native,50363,21,unsure,Very Comfortable,Male,before5,No,No,No,157075,6,62,0.903225806,0.298063555,0.037854109
1612054233,a678f1407908de4ce6f8531a792f2221,20,0.95,0.223606798,0.05,19,0.684210526,0.477566933,0.109561368,11,0.727272727,0.467099366,0.140835758,11,0.545454545,0.522232968,0.157459164,33490,2,10,Native,42405,19,100K-200K,Very Comfortable,female,birth,No,No,No,155323,14,62,0.758064516,0.431751442,0.054832488
1617328094,88cd21520a679e10584d26b043689ed8,20,1,0,0,19,0.789473684,0.418853908,0.096091677,11,0.909090909,0.301511345,0.090909091,11,0.818181818,0.404519917,0.121967344,42720,3.6,10,Native,28928,21,<75K-100K,,female,birth,No,No,No,155015,4,62,0.887096774,0.319057974,0.040520403
1618635908,c290ba79af4f7a4ba7090c9d7b0ac397,19,1,0,0,19,0.631578947,0.495594628,0.113697205,11,1,0,0,10,0.7,0.483045892,0.152752523,21560,2.5,6,Native,41969,21,10K-25K,Very Comfortable,Non-Binary,before5,No,No,No,151939,21,62,0.838709677,0.370801011,0.047091775
1607290827,308325d909d20eef19b10ed7f5c0faa1,18,0.944444444,0.23570226,0.055555556,17,0.764705882,0.437237316,0.106045626,11,1,0,0,9,0.888888889,0.333333333,0.111111111,42682,3.111111111,9,Native,42617,18,25K-50K,Very Comfortable,female,birth,No,No,No,150774,8,62,0.838709677,0.370801011,0.047091775
1618208721,85a08b73165196af36b06e1a216bdd2c,20,1,0,0,20,0.55,0.510417786,0.114132887,11,0.909090909,0.301511345,0.090909091,11,0.818181818,0.404519917,0.121967344,34132,5.7,10,Native,38897,19,100K-200K,Somewhat comfortable,Female,before5,No,No,No,149350,13,62,0.806451613,0.398304179,0.050584681
1607318841,733c988f2ad26054c3f02b938f72d826,19,1,0,0,20,0.75,0.444261658,0.099339927,11,0.818181818,0.404519917,0.121967344,11,0.818181818,0.404519917,0.121967344,42634,4,10,Native,32064,18,100K-200K,Very Comfortable,Female,before5,No,No,No,148651,17,62,0.85483871,0.355139049,0.045102704
1607444597,7ed0bc96c1ad6039b6e50dde0f168a04,20,1,0,0,19,0.684210526,0.477566933,0.109561368,11,0.545454545,0.522232968,0.157459164,11,0.545454545,0.522232968,0.157459164,56924,3.2,10,Native,27239,21,100K-200K,Very Comfortable,Male,birth,No,No,No,147660,15,62,0.741935484,0.441141733,0.056025056
1607465712,33f46e296a54df193017109afa4957e2,20,0.9,0.307793506,0.06882472,19,0.578947368,0.507257274,0.1163728,11,0.636363636,0.504524979,0.152120005,11,0.818181818,0.404519917,0.121967344,55371,3.2,10,Native,40359,19,100K-200K,Somewhat comfortable,Male,birth,No,No,No,147365,9,62,0.725806452,0.44974874,0.057118147
1607447689,f5ca005d037d914ee0274bda83afa94c,19,1,0,0,19,0.947368421,0.229415734,0.052631579,10,0.9,0.316227766,0.1,11,0.818181818,0.404519917,0.121967344,34271,4.666666667,6,Native,44308,18,unsure,Very Comfortable,Male,birth,No,No,No,147135,18,62,0.935483871,0.247675604,0.031454833
1607621397,1dac495d89c690490ab596bdc14c1db4,19,1,0,0,19,0.736842105,0.452413928,0.103790873,11,1,0,0,11,0.818181818,0.404519917,0.121967344,27607,6.2,10,Native,29028,21,<75K-100K,Very Comfortable,female,birth,No,No,No,146617,22,62,0.887096774,0.319057974,0.040520403
1606369514,2e18175ca1db89e111def8221baa7091,19,0.894736842,0.315301768,0.072335186,20,0.9,0.307793506,0.06882472,10,1,0,0,10,0.9,0.316227766,0.1,20823,4.2,5,Native,28259,18,25K-50K,Very Comfortable,Female,birth,No,No,No,143139,12,62,0.903225806,0.298063555,0.037854109
1618167662,eb27e7ac22ca35a31aff1fac0748f6ac,19,1,0,0,20,0.85,0.366347549,0.081917802,11,1,0,0,11,0.909090909,0.301511345,0.090909091,37531,5.1,10,Native,48143,18,100K-200K,Somewhat comfortable,male,before5,No,No,No,140831,7,62,0.935483871,0.247675604,0.031454833
1607584374,89ed5ca3d6db65c6c4583067c8fbf4ae,19,0.894736842,0.315301768,0.072335186,19,0.526315789,0.512989176,0.117687788,11,0.727272727,0.467099366,0.140835758,10,0.5,0.527046277,0.166666667,51051,2.5,10,Native,32785,18,<75K-100K,Very Comfortable,female,birth,No,No,No,139489,5,62,0.677419355,0.47127986,0.059852602
1607492647,562abf282e7e71684166e6ca905f8c30,18,1,0,0,19,0.684210526,0.477566933,0.109561368,10,0.9,0.316227766,0.1,11,0.909090909,0.301511345,0.090909091,28760,4.9,10,Native,23784,18,100K-200K,Very Comfortable,Male,birth,No,No,No,138231,25,62,0.85483871,0.355139049,0.045102704
1618209261,a806090c9a34b28559ce39a891936a6f,20,1,0,0,19,0.684210526,0.477566933,0.109561368,11,1,0,0,11,1,0,0,15058,5.6,5,Native,43484,18,>200K,Very Comfortable,female,birth,No,No,No,136736,17,62,0.903225806,0.298063555,0.037854109
1607224456,18bfa409bb58acb286cc204431f3a9ff,20,1,0,0,19,0.947368421,0.229415734,0.052631579,10,1,0,0,10,0.9,0.316227766,0.1,12233,6.75,4,Native,28427,19,<75K-100K,Very Comfortable,Male,birth,No,No,No,136735,21,62,0.967741935,0.178127044,0.022622157
1619027476,fdf5e80a0ed7d9fd8b237eb8b66dbdd9,19,1,0,0,19,0.842105263,0.374634325,0.085947009,11,0.909090909,0.301511345,0.090909091,11,0.909090909,0.301511345,0.090909091,27003,6.2,10,Native,26116,19,100K-200K,Very Comfortable,Female,birth,No,No,No,135813,21,62,0.919354839,0.274512211,0.034863086
1619294548,a6a220291bfd7bbb1410143152d5bfbf,20,1,0,0,20,0.75,0.444261658,0.099339927,11,0.909090909,0.301511345,0.090909091,11,0.818181818,0.404519917,0.121967344,68304,5.4,10,Native,28229,20,unsure,Very Comfortable,female,before5,No,No,No,135787,12,62,0.870967742,0.337972303,0.042922525
1606076036,f4672ad54429e859bc967bbcd53ed9ea,19,1,0,0,20,0.55,0.510417786,0.114132887,11,0.727272727,0.467099366,0.140835758,11,0.636363636,0.504524979,0.152120005,50473,1.9,10,Native,37799,19,>200K,Very Comfortable,male,birth,No,No,No,134849,4,62,0.741935484,0.441141733,0.056025056
1607622409,b69e5a22c6c1cc8060509a4fa26fa8f0,14,1,0,0,14,0.714285714,0.468807231,0.125294003,9,0.666666667,0.5,0.166666667,9,0.666666667,0.5,0.166666667,31637,6.1,10,Native,17689,NA,10K-25K,Very Comfortable,,birth,No,No,No,134719,18,62,0.774193548,0.421525521,0.053533795
1606549448,b4653cb9dd400762ef25ca5f1599a217,19,1,0,0,20,0.7,0.470162346,0.105131497,11,0.818181818,0.404519917,0.121967344,11,0.545454545,0.522232968,0.157459164,35674,2.4,10,Native,46187,19,unsure,Very Comfortable,female,before5,No,No,No,134568,25,62,0.774193548,0.421525521,0.053533795
1612049639,1dfabde8bf9f11de636342afb636d1bb,20,1,0,0,19,0.894736842,0.315301768,0.072335186,9,0.888888889,0.333333333,0.111111111,10,0.8,0.421637021,0.133333333,42268,2.5,10,Native,40045,21,50K-75K,Very Comfortable,female,birth,No,No,No,133443,21,62,0.887096774,0.319057974,0.040520403
1612053281,88f67d40a943ff280b4b6e068af029e7,18,0.944444444,0.23570226,0.055555556,19,0.736842105,0.452413928,0.103790873,9,0.777777778,0.440958552,0.146986184,9,0.777777778,0.440958552,0.146986184,43228,5.6,10,Native,46601,21,25K-50K,Somewhat comfortable,female,birth,No,No,No,133220,20,62,0.774193548,0.421525521,0.053533795
1607380479,04aa78946f86287a3e1d3d9d4f04bd72,19,1,0,0,20,0.8,0.410391341,0.091766294,11,0.909090909,0.301511345,0.090909091,11,0.818181818,0.404519917,0.121967344,39603,5.333333333,9,Native,30300,18,25K-50K,Very Comfortable,Female,birth,No,No,No,133009,22,62,0.887096774,0.319057974,0.040520403
1618784160,bdaa4dc0d6ce4c4e5299adbe17463f9d,19,1,0,0,18,0.777777778,0.427792632,0.10083169,11,1,0,0,11,1,0,0,42620,1.9,10,Native,36511,20,<75K-100K,Very Comfortable,Female,birth,No,No,No,132841,10,62,0.919354839,0.274512211,0.034863086
1617838044,30178c9a416a7c6b4f2c7d879a68999f,19,1,0,0,19,0.947368421,0.229415734,0.052631579,10,1,0,0,11,0.909090909,0.301511345,0.090909091,59595,5.2,10,Native,36858,21,50K-75K,Very Comfortable,Male,birth,No,No,No,131962,12,62,0.967741935,0.178127044,0.022622157
1612119122,9c3938be94653d6d07855f0822ee8523,18,1,0,0,19,0.947368421,0.229415734,0.052631579,10,1,0,0,11,1,0,0,24089,6.5,10,Native,22546,19,50K-75K,Very Comfortable,female,before5,No,No,No,131952,16,62,0.983870968,0.127000127,0.016129032
1612069917,2f775944a8eae8fde5617cac3b59a7ce,19,1,0,0,18,0.833333333,0.383482494,0.090387691,10,0.8,0.421637021,0.133333333,11,0.545454545,0.522232968,0.157459164,43408,4.8,10,Native,37894,21,>200K,Somewhat comfortable,Female,before5,No,No,No,131219,14,62,0.806451613,0.398304179,0.050584681
1607617069,6c1bfcebc73d1afafcbe68d2f5ab55ec,19,1,0,0,19,0.736842105,0.452413928,0.103790873,11,0.909090909,0.301511345,0.090909091,11,0.909090909,0.301511345,0.090909091,29713,5.9,10,Native,31392,19,10K-25K,Very Comfortable,F,birth,No,No,No,131195,30,62,0.887096774,0.319057974,0.040520403
1607471384,249efe0d9e007b30c0d466b86d383960,19,0.947368421,0.229415734,0.052631579,19,1,0,0,11,0.909090909,0.301511345,0.090909091,10,1,0,0,39645,4.5,4,Native,53359,22,25K-50K,Somewhat comfortable,female,before5,No,No,No,130121,17,62,0.967741935,0.178127044,0.022622157
1606100075,1a580ad6eb8c6dcb1080643caff1b447,18,0.888888889,0.323380833,0.076221593,18,0.888888889,0.323380833,0.076221593,10,0.9,0.316227766,0.1,11,0.909090909,0.301511345,0.090909091,38911,5.6,10,Native,38299,18,100K-200K,Very Comfortable,male,birth,No,No,No,129680,19,62,0.870967742,0.337972303,0.042922525
1606767520,c811070de950ce129e3ab7a17975e6b0,20,0.95,0.223606798,0.05,19,0.684210526,0.477566933,0.109561368,10,1,0,0,11,0.545454545,0.522232968,0.157459164,32010,5.4,10,Native,25595,19,unsure,Very Comfortable,Male,birth,No,No,No,128324,9,62,0.790322581,0.410401514,0.052121044
1611975810,7ce2056b5a78f423b4b54a8fc18317f1,20,1,0,0,19,0.894736842,0.315301768,0.072335186,11,1,0,0,10,0.7,0.483045892,0.152752523,49098,4.5,10,Native,41526,21,100K-200K,Very Comfortable,Female,birth,No,No,No,128263,18,62,0.919354839,0.274512211,0.034863086
1607412912,b0b9e38c5fb5ba2c31598afb56805c4e,19,1,0,0,18,0.666666667,0.48507125,0.11433239,9,0.666666667,0.5,0.166666667,9,1,0,0,54645,4.2,10,Native,45596,19,<75K-100K,Somewhat comfortable,Male ,before5,No,No,No,127465,6,62,0.806451613,0.398304179,0.050584681
1605836102,10d52c7ba24f9d391074968120508921,19,1,0,0,20,0.85,0.366347549,0.081917802,11,0.909090909,0.301511345,0.090909091,11,0.909090909,0.301511345,0.090909091,72900,4.5,10,Native,84255,19,25K-50K,Somewhat comfortable,woman,birth,No,No,No,127375,22,62,0.919354839,0.274512211,0.034863086
1619148310,a47dc2aef28b1d9eca67d3be34c0a55d,20,1,0,0,20,0.75,0.444261658,0.099339927,11,1,0,0,11,0.909090909,0.301511345,0.090909091,74595,4.1,10,Native,35041,18,>200K,Very Comfortable,male,birth,No,No,No,126474,8,62,0.903225806,0.298063555,0.037854109
1619033892,9845f37294dc007770f7ea3dd313353a,19,0.894736842,0.315301768,0.072335186,19,0.473684211,0.512989176,0.117687788,11,0.545454545,0.522232968,0.157459164,11,0.545454545,0.522232968,0.157459164,36538,4,10,Native,27500,22,unsure,Somewhat comfortable,female,before5,No,No,No,123958,15,62,0.629032258,0.487007287,0.061849987
1607628677,671c2b61c5c67d7813f9223a216be19c,19,1,0,0,19,0.684210526,0.477566933,0.109561368,10,1,0,0,11,0.909090909,0.301511345,0.090909091,33221,5.7,10,Native,47701,20,unsure,Very Comfortable,male,before5,No,No,No,123704,16,62,0.887096774,0.319057974,0.040520403
1607351701,20fcc42ec961fd8b556f08652d546685,19,1,0,0,19,0.947368421,0.229415734,0.052631579,11,1,0,0,11,1,0,0,67241,3.5,10,Native,57765,18,50K-75K,Somewhat comfortable,female,birth,No,No,No,123264,5,62,0.983870968,0.127000127,0.016129032
1602545237,dd311976bfe4414d4d28f4023f4e49d7,38,1,0,0,36,0.833333333,0.377964473,0.062994079,40,0.95,0.220721428,0.034899122,38,0.894736842,0.311011748,0.050452768,30548,5.1,10,Native,26943,19,>200K,Very Comfortable,Male,before5,No,No,No,121742,24,79,0.924050633,0.266609861,0.029995953
1617664818,8d4fcb490ededbd24e02bc6cf0a03c7a,13,0.923076923,0.277350098,0.076923077,14,0.642857143,0.497245158,0.132894358,9,1,0,0,8,0.75,0.46291005,0.163663418,163924,4,10,Native,23215,NA,>200K,Very Comfortable,,birth,No,No,No,121477,16,62,0.758064516,0.431751442,0.054832488
1606170258,edaff3f364037b4f501cd00e05ef8f00,19,1,0,0,20,0.65,0.489360485,0.109424331,11,1,0,0,11,0.727272727,0.467099366,0.140835758,43309,4.5,10,Native,30409,19,<75K-100K,Very Comfortable,female,before5,No,No,No,120545,10,62,0.838709677,0.370801011,0.047091775
1612066016,e96b17f3f7fb6b371da5ade055c8196e,19,0.894736842,0.315301768,0.072335186,19,0.789473684,0.418853908,0.096091677,10,0.7,0.483045892,0.152752523,11,0.636363636,0.504524979,0.152120005,39044,3.6,10,Native,31730,20,100K-200K,Very Comfortable,Female,birth,No,No,No,120273,9,62,0.774193548,0.421525521,0.053533795
1607213889,9e89cc4b5b392b22de830ffeaae2f13a,19,0.947368421,0.229415734,0.052631579,20,0.9,0.307793506,0.06882472,11,1,0,0,11,0.818181818,0.404519917,0.121967344,107122,6.6,10,Native,12902,NA,,Somewhat comfortable,,birth,No,No,No,120083,27,62,0.919354839,0.274512211,0.034863086
1611961808,c21dea028a942bad3636b33c1f9d3298,19,1,0,0,20,1,0,0,11,0.818181818,0.404519917,0.121967344,11,0.727272727,0.467099366,0.140835758,39920,4.5,10,Native,28647,21,100K-200K,Somewhat comfortable,female,birth,No,No,No,119065,15,62,0.919354839,0.274512211,0.034863086
1613707532,8d8a57611ce74a128f43d20e2f97b70b,19,0.947368421,0.229415734,0.052631579,19,0.684210526,0.477566933,0.109561368,10,1,0,0,10,1,0,0,231552,3.2,10,Native,35276,21,>200K,Very Comfortable,female,birth,No,No,No,118471,9,62,0.887096774,0.319057974,0.040520403
1607293617,98817963c091f900ec717d0db1855b4b,19,1,0,0,19,0.789473684,0.418853908,0.096091677,11,1,0,0,10,0.8,0.421637021,0.133333333,30604,4.8,10,Native,25690,18,unsure,Very Comfortable,Female,birth,No,No,No,118314,21,62,0.903225806,0.298063555,0.037854109
1612010272,fb9f50972f27043bd8e00c2bcca08e22,20,1,0,0,19,0.578947368,0.507257274,0.1163728,11,0.727272727,0.467099366,0.140835758,11,0.818181818,0.404519917,0.121967344,66179,4.5,10,Native,14219,NA,,Very Comfortable,,birth,No,No,No,116675,8,62,0.790322581,0.410401514,0.052121044
1607012141,e09f21e48ee669f9412639568a7b37f4,19,0.947368421,0.229415734,0.052631579,19,0.736842105,0.452413928,0.103790873,10,0.6,0.516397779,0.163299316,11,0.727272727,0.467099366,0.140835758,11611,5.6,5,Native,31863,20,10K-25K,Very Comfortable,Male,before5,No,No,No,116236,15,62,0.790322581,0.410401514,0.052121044
1607568659,acd3e3ffe1b0437bb9f200f19fb6017d,17,1,0,0,19,0.947368421,0.229415734,0.052631579,10,1,0,0,11,1,0,0,24684,7,10,Native,37144,26,<10K,Very Comfortable,Male,birth,No,No,No,115939,30,62,0.983870968,0.127000127,0.016129032
1619305348,72882275b87bd706c410e5e384c976fe,19,1,0,0,19,1,0,0,11,1,0,0,11,1,0,0,36287,6.9,10,Native,30568,18,unsure,Very Comfortable,female,birth,No,No,No,114985,21,62,0.983870968,0.127000127,0.016129032
1607463681,24c943d0a3e56028f484e90ab7aea881,20,1,0,0,18,0.777777778,0.427792632,0.10083169,11,0.818181818,0.404519917,0.121967344,11,0.636363636,0.504524979,0.152120005,24052,5.166666667,6,Native,30966,19,50K-75K,Very Comfortable,Male,birth,No,No,No,114953,7,62,0.838709677,0.370801011,0.047091775
1602601524,fb4675a6a2026b56d8741aa276a94ab1,38,1,0,0,40,0.55,0.503831474,0.079662751,38,0.894736842,0.311011748,0.050452768,38,0.631578947,0.48885153,0.07930219,34697,1.3,10,Native,41283,18,25K-50K,Somewhat comfortable,Female,birth,No,No,No,114836,7,80,0.7625,0.428236005,0.047878241
1602550959,30d236ffef2d8f3c0b1b57f1e320dfa0,38,1,0,0,38,0.789473684,0.41315495,0.067022583,38,0.947368421,0.226294286,0.036709781,36,0.666666667,0.478091444,0.079681907,40756,2.9,10,Native,32386,18,<75K-100K,Very Comfortable,Male,birth,No,No,No,113585,13,79,0.848101266,0.361216165,0.040639994
1606768181,bfa39d355738c8a26f2dd2579a346dd1,19,1,0,0,20,0.8,0.410391341,0.091766294,10,1,0,0,10,0.9,0.316227766,0.1,29927,6,10,Native,23792,19,50K-75K,Very Comfortable,Male,birth,No,No,No,113423,1,62,0.887096774,0.319057974,0.040520403
1607483572,87a1fe045f39d3913b125661975db298,18,0.888888889,0.323380833,0.076221593,19,0.789473684,0.418853908,0.096091677,11,0.636363636,0.504524979,0.152120005,10,0.7,0.483045892,0.152752523,36700,6.2,10,Native,54872,18,unsure,Very Comfortable,male,birth,No,No,No,112819,16,62,0.758064516,0.431751442,0.054832488
1606191794,43230e03f145b2ee906e0103e14ac5af,19,1,0,0,19,0.789473684,0.418853908,0.096091677,10,1,0,0,11,0.818181818,0.404519917,0.121967344,34894,3.1,10,Native,170805,21,<75K-100K,Very Comfortable,Female,birth,No,No,No,112497,9,62,0.903225806,0.298063555,0.037854109
1607626786,da6e5b7758d46fc35c05e22cb4c21e1c,19,0.947368421,0.229415734,0.052631579,19,0.894736842,0.315301768,0.072335186,11,0.818181818,0.404519917,0.121967344,11,0.909090909,0.301511345,0.090909091,30754,5.6,10,Native,10732,NA,,Very Comfortable,,birth,No,No,No,112256,27,62,0.903225806,0.298063555,0.037854109
1607406721,0940984a73774185801b55c4fc6c50c0,19,1,0,0,20,0.85,0.366347549,0.081917802,11,0.909090909,0.301511345,0.090909091,10,0.8,0.421637021,0.133333333,51956,2.6,10,Native,44902,19,25K-50K,Somewhat comfortable,Female,before5,No,No,No,111650,9,62,0.903225806,0.298063555,0.037854109
1619493811,688b65f822a7a0de690516470762470d,19,0.947368421,0.229415734,0.052631579,20,0.85,0.366347549,0.081917802,11,0.909090909,0.301511345,0.090909091,10,0.6,0.516397779,0.163299316,41188,2.6,10,Native,31026,22,100K-200K,Somewhat comfortable,MALE,birth,No,No,No,111255,18,62,0.85483871,0.355139049,0.045102704
1619563437,e3f5ad19fa0a844d060cd7b2ce45ba17,20,0.85,0.366347549,0.081917802,19,0.684210526,0.477566933,0.109561368,9,0.555555556,0.527046277,0.175682092,9,0.555555556,0.527046277,0.175682092,32496,1.6,10,Native,44872,19,unsure,Neither comfortable nor uncomfortable,male,before5,No,No,No,110924,0,62,0.693548387,0.464783033,0.059027504
1607558641,43eaf79b7515a45385b175c8e36da845,17,1,0,0,19,0.684210526,0.477566933,0.109561368,11,1,0,0,10,0.9,0.316227766,0.1,31566,4.8,10,Native,30290,19,50K-75K,Somewhat comfortable,Neutral,birth,No,No,No,110465,15,62,0.887096774,0.319057974,0.040520403
1619627317,45855c88a85bc6f734dfbc563bcccabb,18,1,0,0,19,0.789473684,0.418853908,0.096091677,11,1,0,0,11,0.909090909,0.301511345,0.090909091,54467,6.8,10,Native,57591,20,100K-200K,Very Comfortable,Woman ,birth,No,No,No,109946,24,62,0.919354839,0.274512211,0.034863086
1607151977,db5b3f86efa0c366e69a307ddf06c04f,18,1,0,0,20,0.75,0.444261658,0.099339927,11,1,0,0,11,0.727272727,0.467099366,0.140835758,32569,3,10,Native,32696,18,>200K,Very Comfortable,Female,birth,No,No,No,109606,22,62,0.870967742,0.337972303,0.042922525
1607565769,839a034a19f710d168fc633679448cf9,18,0.888888889,0.323380833,0.076221593,20,0.6,0.50262469,0.112390297,9,1,0,0,10,0.6,0.516397779,0.163299316,132095,4.9,10,Native,47063,20,<75K-100K,Very Comfortable,Female,birth,No,No,No,109534,5,62,0.693548387,0.464783033,0.059027504
1602574172,a5318244701d969c0162d2bc2bdd7ca3,38,0.894736842,0.311011748,0.050452768,38,0.789473684,0.41315495,0.067022583,36,0.888888889,0.318727629,0.053121272,40,0.85,0.361620285,0.057177187,55623,6.4,10,Native,42063,18,<10K,Very Comfortable,Female,birth,No,No,No,108716,5,80,0.8625,0.346547164,0.038745151
1607631035,04c7e09620ae4abfa0915db5b4cd3e4a,19,1,0,0,19,0.789473684,0.418853908,0.096091677,11,1,0,0,11,0.909090909,0.301511345,0.090909091,145488,4.6,10,Native,39093,19,100K-200K,Somewhat comfortable,Male,birth,No,No,No,106721,11,62,0.919354839,0.274512211,0.034863086
1607562156,6ff504767dc6a87436e2a2f3c9e02f55,19,1,0,0,20,0.7,0.470162346,0.105131497,11,0.727272727,0.467099366,0.140835758,11,0.818181818,0.404519917,0.121967344,48163,4.3,10,Native,25788,18,100K-200K,Very Comfortable,Female,birth,No,No,No,105257,20,62,0.822580645,0.385141811,0.048913059
1619489690,c512a4ef8f44b70cc7e74bf8c059c31e,13,0.923076923,0.277350098,0.076923077,19,0.684210526,0.477566933,0.109561368,9,0.777777778,0.440958552,0.146986184,11,0.818181818,0.404519917,0.121967344,37466,2.6,10,Native,28127,21,unsure,Somewhat comfortable,F,birth,No,No,No,104318,18,62,0.822580645,0.385141811,0.048913059
1607394209,03427d2a7acb4ea4ca87725ead97ea9c,19,1,0,0,20,0.75,0.444261658,0.099339927,11,0.909090909,0.301511345,0.090909091,10,0.8,0.421637021,0.133333333,29870,5.7,10,Native,24456,21,25K-50K,Very Comfortable,Male,birth,No,No,No,103821,15,62,0.85483871,0.355139049,0.045102704
1605934814,277dc342d803af0ca580b5cb27590cef,20,0.95,0.223606798,0.05,20,0.75,0.444261658,0.099339927,11,0.818181818,0.404519917,0.121967344,11,0.636363636,0.504524979,0.152120005,46332,3.6,10,Native,40048,19,<75K-100K,Very Comfortable,male,birth,No,No,No,103687,13,62,0.806451613,0.398304179,0.050584681
1606673814,c266fca53e4bb6d4f85c0807351fe0b7,19,0.947368421,0.229415734,0.052631579,20,0.9,0.307793506,0.06882472,10,0.9,0.316227766,0.1,10,0.9,0.316227766,0.1,34924,3.2,10,Native,47391,18,>200K,Very Comfortable,female,birth,No,No,No,103410,8,62,0.903225806,0.298063555,0.037854109
1606882680,735a6381a58c17c9a825b425103bd745,20,0.95,0.223606798,0.05,19,0.736842105,0.452413928,0.103790873,11,0.909090909,0.301511345,0.090909091,11,0.636363636,0.504524979,0.152120005,34650,6.5,10,Native,37513,19,>200K,Somewhat comfortable,Male,birth,No,No,No,103319,20,62,0.806451613,0.398304179,0.050584681
1619153914,163cd5544f244f069e760adf3197c9e7,19,1,0,0,19,0.789473684,0.418853908,0.096091677,11,0.818181818,0.404519917,0.121967344,11,0.636363636,0.504524979,0.152120005,34033,4.8,10,Native,28421,19,<75K-100K,Very Comfortable,Female,birth,No,No,No,101707,11,62,0.838709677,0.370801011,0.047091775
1607579932,461d8f43e5df3c4d3f4642e9a4070abe,19,1,0,0,20,0.85,0.366347549,0.081917802,10,0.9,0.316227766,0.1,11,0.909090909,0.301511345,0.090909091,16703,6.25,4,Native,26917,21,>200K,Very Comfortable,male,birth,No,No,No,101397,14,62,0.919354839,0.274512211,0.034863086
1617827301,0150b1ff479ba6454209eda4f5ccffea,18,1,0,0,18,0.555555556,0.511309993,0.120516921,10,0.8,0.421637021,0.133333333,10,0.6,0.516397779,0.163299316,43667,1.5,10,Native,35025,18,>200K,Very Comfortable,female,before5,No,No,No,100980,17,62,0.741935484,0.441141733,0.056025056
1619285336,3564c95e74fd0ce4991cc9ffc9ea7bb5,19,0.947368421,0.229415734,0.052631579,19,0.578947368,0.507257274,0.1163728,11,0.818181818,0.404519917,0.121967344,10,0.8,0.421637021,0.133333333,19762,2,4,Native,16983,NA,,Somewhat comfortable,,birth,No,No,No,100974,2,62,0.758064516,0.431751442,0.054832488
1606199427,668c2be8d4aca98d8ab9e93d69ec1303,18,1,0,0,20,0.7,0.470162346,0.105131497,11,0.909090909,0.301511345,0.090909091,11,0.909090909,0.301511345,0.090909091,57851,2.2,10,Native,39379,19,unsure,Very Comfortable,Female,birth,No,No,No,100900,17,62,0.838709677,0.370801011,0.047091775
1617372568,14ca3ed276922b9fe0cd03ef6bbf6b30,19,1,0,0,20,0.6,0.50262469,0.112390297,11,0.727272727,0.467099366,0.140835758,11,0.545454545,0.522232968,0.157459164,36085,5.4,10,Native,20387,21,100K-200K,Very Comfortable,female,birth,No,No,No,100690,21,62,0.741935484,0.441141733,0.056025056
1607557020,6231f5d2fc2bca8d22559000fe568038,19,1,0,0,19,0.842105263,0.374634325,0.085947009,11,1,0,0,11,0.545454545,0.522232968,0.157459164,39650,5.8,10,Native,28185,18,50K-75K,Very Comfortable,Female,birth,No,No,No,100087,22,62,0.870967742,0.337972303,0.042922525
1607572544,e3f4c0642af683258b9336fa5ea5eb77,18,1,0,0,19,0.842105263,0.374634325,0.085947009,10,0.9,0.316227766,0.1,11,0.727272727,0.467099366,0.140835758,45946,3.2,10,Native,36286,18,50K-75K,Very Comfortable,Male,birth,No,No,No,99604,11,62,0.887096774,0.319057974,0.040520403
1607577967,427c2a49a803671b35405a79a1b809b0,19,1,0,0,19,0.842105263,0.374634325,0.085947009,11,1,0,0,11,1,0,0,35330,4.7,10,Native,27835,19,100K-200K,Very Comfortable,Male,birth,No,No,No,99421,16,62,0.951612903,0.216334543,0.027474514
1619124323,b89811cf87445a5b8e3ca745c809c6b5,20,0.95,0.223606798,0.05,20,0.6,0.50262469,0.112390297,11,1,0,0,11,0.818181818,0.404519917,0.121967344,42703,6.6,10,Native,33358,19,unsure,Very Comfortable,Male,birth,No,No,No,99385,15,62,0.822580645,0.385141811,0.048913059
1619159957,575d1c0c9c9803d4d45d43a3d53db505,20,1,0,0,19,0.631578947,0.495594628,0.113697205,10,0.8,0.421637021,0.133333333,10,0.8,0.421637021,0.133333333,48790,4.5,10,Native,43677,19,>200K,Very Comfortable,Female,birth,No,No,No,99229,11,62,0.822580645,0.385141811,0.048913059
1602619888,39f7a56e5a2861dab5f3357240b2355b,20,1,0,0,32,0.9375,0.245934688,0.043475521,34,0.882352941,0.32703497,0.056086035,40,0.8,0.405095747,0.064051262,19816,6.6,10,Native,17087,18,>200K,Very Comfortable,female,birth,No,No,No,98464,13,80,0.9125,0.284349135,0.0317912
1607408387,9c6a87e04bd0be7256fe84efeb5af99f,19,0.894736842,0.315301768,0.072335186,19,0.631578947,0.495594628,0.113697205,10,0.8,0.421637021,0.133333333,10,0.8,0.421637021,0.133333333,27173,3,10,Native,35912,18,100K-200K,Very Comfortable,Female,birth,No,No,No,98426,3,62,0.758064516,0.431751442,0.054832488
1618630090,ca19b86a71f0eb63f8ec412ef0b64157,18,1,0,0,20,0.8,0.410391341,0.091766294,11,1,0,0,11,0.636363636,0.504524979,0.152120005,30121,3.2,10,Native,16244,NA,50K-75K,Very Comfortable,,birth,No,No,No,98339,-1,62,0.870967742,0.337972303,0.042922525
1611956440,170dfbd2f6c3f24cc61940a802bdefe1,17,0.882352941,0.332105582,0.080547435,18,0.388888889,0.501631326,0.118235637,10,0.7,0.483045892,0.152752523,11,0.636363636,0.504524979,0.152120005,44417,3.1,10,Native,43002,20,100K-200K,Very Comfortable,female ,birth,No,No,No,96674,13,62,0.661290323,0.477134493,0.060596141
1617685744,690662d103a7d85012d55b322bacced7,19,0.947368421,0.229415734,0.052631579,20,0.5,0.512989176,0.114707867,11,1,0,0,11,0.727272727,0.467099366,0.140835758,41900,3.2,10,Native,43836,19,50K-75K,Somewhat comfortable,Female,birth,No,No,No,96317,8,62,0.774193548,0.421525521,0.053533795
1607578491,8f854cfa23df766f946815cffde0ce22,18,1,0,0,19,0.684210526,0.477566933,0.109561368,11,1,0,0,11,0.818181818,0.404519917,0.121967344,48888,6,10,Native,84927,19,>200K,Very Comfortable,female,birth,No,No,No,95138,14,62,0.870967742,0.337972303,0.042922525
1607629854,d4fa5eb649530b3e458ea8ee9b9ecc5b,19,1,0,0,20,0.75,0.444261658,0.099339927,11,1,0,0,11,0.909090909,0.301511345,0.090909091,39070,4.4,10,Native,27318,18,>200K,Very Comfortable,Male,birth,No,No,No,94831,14,62,0.903225806,0.298063555,0.037854109
1611984457,d918af71a7a41ef0a639a605d784de53,18,1,0,0,18,0.833333333,0.383482494,0.090387691,10,1,0,0,10,1,0,0,29415,6.5,10,Native,30849,19,10K-25K,Very Comfortable,Female,before5,No,No,No,94570,18,62,0.951612903,0.216334543,0.027474514
1619543983,328575fea458cf8be53c35312e652a1a,20,0.95,0.223606798,0.05,19,0.736842105,0.452413928,0.103790873,11,0.909090909,0.301511345,0.090909091,11,0.818181818,0.404519917,0.121967344,36687,5.2,10,Native,38956,19,50K-75K,Somewhat comfortable,female,before5,No,No,No,94508,13,62,0.85483871,0.355139049,0.045102704
1606769617,80d38000fd7b82446708df866ebf3f11,19,1,0,0,20,0.6,0.50262469,0.112390297,10,0.7,0.483045892,0.152752523,10,0.5,0.527046277,0.166666667,37316,4.8,10,Native,29490,19,<75K-100K,Very Comfortable,Female,birth,No,No,No,94404,12,62,0.741935484,0.441141733,0.056025056
1618217655,a806090c9a34b28559ce39a891936a6f,15,1,0,0,19,0.789473684,0.418853908,0.096091677,10,1,0,0,11,0.909090909,0.301511345,0.090909091,31282,5.9,10,Native,26576,18,>200K,Very Comfortable,female ,birth,No,No,No,94202,17,62,0.887096774,0.319057974,0.040520403
1607309888,3e70e43b1f58ee39c6a2d006f8480fc4,19,1,0,0,19,0.842105263,0.374634325,0.085947009,11,1,0,0,11,1,0,0,45857,2.9,10,Native,42203,18,<75K-100K,Very Comfortable,female,birth,No,No,No,93952,4,62,0.951612903,0.216334543,0.027474514
1607478162,0744cb0e8f4468f82e3a207e1f8a2b8f,18,1,0,0,18,0.777777778,0.427792632,0.10083169,11,0.909090909,0.301511345,0.090909091,11,0.727272727,0.467099366,0.140835758,76848,2.4,10,Native,41396,19,50K-75K,Very Comfortable,Female,birth,No,No,No,93520,3,62,0.85483871,0.355139049,0.045102704
1606247721,dad8acf4e99db9f6a2c4a7c9cbe3062c,20,1,0,0,19,0.631578947,0.495594628,0.113697205,10,0.7,0.483045892,0.152752523,11,0.727272727,0.467099366,0.140835758,40563,4.8,10,Native,39016,21,100K-200K,Very Comfortable,Female ,birth,No,No,No,93269,12,62,0.790322581,0.410401514,0.052121044
1619299905,897af0bdf90e9ad189c307cfe105eebd,14,1,0,0,18,0.611111111,0.501631326,0.118235637,9,0.888888889,0.333333333,0.111111111,10,1,0,0,28844,6.6,10,Native,24985,20,<75K-100K,Very Comfortable,female,birth,No,No,No,93087,18,62,0.85483871,0.355139049,0.045102704
1619495379,b92bff52852c60cb1656bc8542a31840,20,1,0,0,19,0.736842105,0.452413928,0.103790873,11,0.909090909,0.301511345,0.090909091,11,1,0,0,48411,3.2,10,Native,35399,19,100K-200K,Very Comfortable,female,birth,No,No,No,92827,7,62,0.887096774,0.319057974,0.040520403
1602529037,675c56d62264b0d11afaa89e6b60f32d,36,1,0,0,38,0.684210526,0.471069121,0.076417502,40,0.75,0.43852901,0.069337525,38,0.684210526,0.471069121,0.076417502,17426,5.75,4,Native,12270,NA,,Somewhat comfortable,,birth,No,No,No,92747,14,79,0.784810127,0.413579933,0.046531378
1619555283,b1e5c760364b646d8f16071b17cdf6da,19,0.947368421,0.229415734,0.052631579,19,0.736842105,0.452413928,0.103790873,10,0.8,0.421637021,0.133333333,11,0.636363636,0.504524979,0.152120005,37997,5.5,10,Native,18255,19,>200K,Very Comfortable,male,birth,No,No,No,92282,18,62,0.806451613,0.398304179,0.050584681
1607572615,f4b83082790368c4cdb06d7d06beb2c8,20,1,0,0,19,0.736842105,0.452413928,0.103790873,11,1,0,0,11,0.818181818,0.404519917,0.121967344,28044,6,10,Native,25343,21,100K-200K,Very Comfortable,female,birth,No,No,No,92266,8,62,0.887096774,0.319057974,0.040520403
1607428995,5dda7d14799768ecb641f13ed09340ed,18,1,0,0,19,0.578947368,0.507257274,0.1163728,11,0.818181818,0.404519917,0.121967344,11,0.818181818,0.404519917,0.121967344,30394,1.6,10,Native,31881,19,50K-75K,Very Comfortable,male,birth,No,No,No,92175,12,62,0.806451613,0.398304179,0.050584681
1607568475,3d592ef4d453c83f1a52ba8bc19405cc,17,0.941176471,0.242535625,0.058823529,17,0.588235294,0.507299656,0.123038239,10,1,0,0,9,0.555555556,0.527046277,0.175682092,218412,5,10,Native,24132,20,<75K-100K,Very Comfortable,Female,birth,No,No,No,91954,10,62,0.758064516,0.431751442,0.054832488
1607631770,671c2b61c5c67d7813f9223a216be19c,16,1,0,0,18,0.833333333,0.383482494,0.090387691,10,1,0,0,10,1,0,0,28889,5.5,10,Native,30404,20,unsure,Very Comfortable,male,before5,No,No,No,91429,14,62,0.951612903,0.216334543,0.027474514
1607323835,eeb9a9e69b00fc44e6b73470827d253a,20,1,0,0,19,0.736842105,0.452413928,0.103790873,11,0.727272727,0.467099366,0.140835758,11,0.818181818,0.404519917,0.121967344,44349,4.7,10,Native,55659,18,25K-50K,Neither comfortable nor uncomfortable,Female,before5,No,No,No,91294,5,62,0.838709677,0.370801011,0.047091775
1607623026,377be26a1b6a7267b1b34e8aeb8e7305,19,1,0,0,20,0.85,0.366347549,0.081917802,11,0.909090909,0.301511345,0.090909091,10,1,0,0,32029,2.4,10,Native,33198,22,100K-200K,Very Comfortable,Male,birth,No,No,No,91225,11,62,0.935483871,0.247675604,0.031454833
1607478219,486d0c36f0260a1743e386d867a1ab24,19,0.947368421,0.229415734,0.052631579,19,0.684210526,0.477566933,0.109561368,11,1,0,0,10,0.8,0.421637021,0.133333333,154210,3,10,Native,70389,19,25K-50K,Very Comfortable,male,birth,No,No,No,90337,2,62,0.838709677,0.370801011,0.047091775
1618874692,3f7e4c3c2d0f4409558d64e10b6a550f,19,1,0,0,20,0.7,0.470162346,0.105131497,11,0.909090909,0.301511345,0.090909091,11,1,0,0,15722,7,5,Native,27061,19,100K-200K,Very Comfortable,female,birth,No,No,No,90080,23,62,0.887096774,0.319057974,0.040520403
1607373435,1e74aec9393ede946c558cf2ade5ec1b,19,1,0,0,19,0.789473684,0.418853908,0.096091677,11,0.818181818,0.404519917,0.121967344,10,0.6,0.516397779,0.163299316,35297,2.7,10,Native,27827,18,100K-200K,Very Comfortable,female,birth,No,No,No,89806,11,62,0.838709677,0.370801011,0.047091775
1607487393,141036a49770803ec419238064d0dca7,19,1,0,0,19,0.736842105,0.452413928,0.103790873,10,0.9,0.316227766,0.1,11,1,0,0,46498,6.7,10,Native,59571,18,25K-50K,Somewhat comfortable,Female,before5,No,No,No,89679,13,62,0.887096774,0.319057974,0.040520403
1618426112,711ad59d9994ace5d7721645a2709447,10,1,0,0,13,0.461538462,0.518874522,0.143909899,11,0.545454545,0.522232968,0.157459164,10,0.8,0.421637021,0.133333333,25615,6.4,10,Native,8873,NA,,Very Comfortable,,birth,No,No,No,88869,16,62,0.693548387,0.464783033,0.059027504
1607455485,105be9dd7549c12386aebc7fd8797184,19,1,0,0,19,0.789473684,0.418853908,0.096091677,11,0.818181818,0.404519917,0.121967344,11,0.636363636,0.504524979,0.152120005,75938,3.5,10,Native,55883,19,25K-50K,Very Comfortable,Female,before5,No,No,No,88674,3,62,0.822580645,0.385141811,0.048913059
1619573796,a44fab2d07ceb78dd11d12d35f88a618,19,0.947368421,0.229415734,0.052631579,20,0.95,0.223606798,0.05,10,0.9,0.316227766,0.1,11,0.909090909,0.301511345,0.090909091,42287,1.9,10,Native,36321,20,10K-25K,Very Comfortable,male,birth,No,No,No,88382,17,62,0.935483871,0.247675604,0.031454833
1619037795,62ea601d446089f5d5786db7be11ab0f,19,0.947368421,0.229415734,0.052631579,18,0.611111111,0.501631326,0.118235637,10,0.8,0.421637021,0.133333333,10,0.6,0.516397779,0.163299316,55907,1.9,10,Native,275799,18,>200K,Very Comfortable,Female,birth,No,No,No,88315,2,62,0.758064516,0.431751442,0.054832488
1602617926,9cc49a0cbb2aaabb2bec7907a2d5d303,38,1,0,0,34,0.823529412,0.386952995,0.066361891,32,0.875,0.336010753,0.05939887,40,0.65,0.483045892,0.076376262,39073,2.9,10,Native,32526,18,>200K,Somewhat comfortable,female,birth,No,No,No,88114,12,80,0.825,0.382364396,0.042749639
1612048768,b37e0ce693ad339f2f54f8e74e7ca35a,18,1,0,0,19,0.736842105,0.452413928,0.103790873,11,0.909090909,0.301511345,0.090909091,11,0.727272727,0.467099366,0.140835758,35937,6.1,10,Native,32139,20,<75K-100K,Somewhat comfortable,Female,birth,No,No,No,88112,21,62,0.85483871,0.355139049,0.045102704
1619390924,849166d6190b4cb5a9f4a52076804111,19,0.947368421,0.229415734,0.052631579,19,0.789473684,0.418853908,0.096091677,11,1,0,0,10,1,0,0,48903,3.5,10,Native,61134,20,unsure,Very Comfortable,female,birth,No,No,No,87816,5,62,0.903225806,0.298063555,0.037854109
1611962282,827d6b8015430a7a464aea5f7fc554bc,20,1,0,0,19,0.894736842,0.315301768,0.072335186,11,1,0,0,11,0.818181818,0.404519917,0.121967344,28549,3.6,10,Native,22854,20,50K-75K,Very Comfortable,Female,before5,No,No,No,86257,16,62,0.935483871,0.247675604,0.031454833
1606262779,8b78a95f4f2f440ac2cafc1e3d19783d,18,1,0,0,20,0.65,0.489360485,0.109424331,11,0.727272727,0.467099366,0.140835758,10,0.7,0.483045892,0.152752523,36829,2.8,10,Native,21669,18,100K-200K,Very Comfortable,Male,birth,No,No,No,86123,17,62,0.790322581,0.410401514,0.052121044
1607629771,34b65e85c8df1a1eaa081e75b8fa72f9,19,0.947368421,0.229415734,0.052631579,20,0.7,0.470162346,0.105131497,11,0.909090909,0.301511345,0.090909091,10,0.7,0.483045892,0.152752523,38564,4.8,10,Native,34134,18,unsure,Very Comfortable,Female,birth,No,No,No,85678,13,62,0.822580645,0.385141811,0.048913059
1607148793,927a004fb5deb68afa166dfb8c7916c9,18,1,0,0,20,0.65,0.489360485,0.109424331,11,0.727272727,0.467099366,0.140835758,11,0.727272727,0.467099366,0.140835758,24192,2.4,10,Native,25840,19,100K-200K,Very Comfortable,female,birth,No,No,No,85374,12,62,0.790322581,0.410401514,0.052121044
1618259628,d9e596fc46a5af7490c9922e9a28cb2a,19,1,0,0,19,0.526315789,0.512989176,0.117687788,11,0.636363636,0.504524979,0.152120005,11,0.636363636,0.504524979,0.152120005,31492,2.3,10,Native,27972,19,100K-200K,Very Comfortable,female ,birth,No,No,No,84554,19,62,0.725806452,0.44974874,0.057118147
1617914607,87e31ab98d3c2a9cd8abfa17adb9da54,20,0.95,0.223606798,0.05,19,0.631578947,0.495594628,0.113697205,10,0.9,0.316227766,0.1,10,0.9,0.316227766,0.1,32948,1.9,10,Native,54667,19,100K-200K,Very Comfortable,Female,birth,No,No,No,83718,5,62,0.806451613,0.398304179,0.050584681
1619399979,28c4c5db615f124081f78b0bd9439f7c,19,0.947368421,0.229415734,0.052631579,18,0.555555556,0.511309993,0.120516921,11,0.818181818,0.404519917,0.121967344,10,0.5,0.527046277,0.166666667,29456,2.7,10,Native,82707,18,>200K,Very Comfortable,Female,before5,No,No,No,83589,16,62,0.741935484,0.441141733,0.056025056
1607616591,db07df849f5fd80b721b7d9f0334386d,13,0.923076923,0.277350098,0.076923077,20,0.65,0.489360485,0.109424331,10,0.8,0.421637021,0.133333333,11,0.727272727,0.467099366,0.140835758,39840,2.1,10,Native,24369,18,100K-200K,Somewhat comfortable,female,birth,No,No,No,83318,16,62,0.790322581,0.410401514,0.052121044
1612049364,de5d555fe120a78eb5ca3aa17976f96d,19,0.947368421,0.229415734,0.052631579,20,0.85,0.366347549,0.081917802,10,1,0,0,11,1,0,0,38334,3.3,10,Native,31654,21,50K-75K,Somewhat comfortable,female,birth,No,No,No,83018,15,62,0.919354839,0.274512211,0.034863086
1602545261,89d007017a890b02950ea5b596b2eb99,40,1,0,0,40,0.8,0.405095747,0.064051262,40,0.95,0.220721428,0.034899122,40,0.95,0.220721428,0.034899122,46498,4.6,10,Native,38891,19,10K-25K,Very Comfortable,Female,birth,No,No,No,80605,7,80,0.925,0.265053135,0.029633841
1607361804,6a602eb87d984baeeb15bfa11482d2c2,19,1,0,0,20,0.8,0.410391341,0.091766294,11,1,0,0,11,1,0,0,28094,3.6,10,Native,30949,20,>200K,Very Comfortable,female,birth,No,No,No,80292,11,62,0.935483871,0.247675604,0.031454833
1602615542,2ab3e3d99bbba5988f74f55990cbe122,38,1,0,0,38,0.631578947,0.48885153,0.07930219,38,0.842105263,0.369537021,0.059946821,40,0.6,0.496138938,0.078446454,41763,3.6,10,Native,23938,NA,10K-25K,Somewhat comfortable,,birth,No,No,No,79153,4,80,0.775,0.420216942,0.046981682
1607111344,b055a308f75a076ed5c538fd1a906b99,19,0.947368421,0.229415734,0.052631579,19,0.684210526,0.477566933,0.109561368,11,1,0,0,10,1,0,0,32036,3.1,10,Native,80912,18,unsure,Very Comfortable,M,birth,No,No,No,78908,13,62,0.870967742,0.337972303,0.042922525
1607580626,461d8f43e5df3c4d3f4642e9a4070abe,16,1,0,0,19,0.842105263,0.374634325,0.085947009,11,1,0,0,11,1,0,0,10272,5.75,4,Native,22576,21,>200K,Very Comfortable,male,birth,No,No,No,78804,14,62,0.951612903,0.216334543,0.027474514
1607575804,5c3682f6f46da448133998c62677163e,19,1,0,0,19,0.894736842,0.315301768,0.072335186,11,1,0,0,11,1,0,0,34625,5,10,Native,37695,21,100K-200K,Very uncomfortable,female,before5,No,No,No,78292,12,62,0.967741935,0.178127044,0.022622157
1606604127,8b21aec5ab99947b0d007c74e691966a,19,0.947368421,0.229415734,0.052631579,19,0.736842105,0.452413928,0.103790873,11,0.909090909,0.301511345,0.090909091,10,1,0,0,44099,2.6,10,Native,27076,19,10K-25K,Very Comfortable,Female,birth,No,No,No,78205,13,62,0.887096774,0.319057974,0.040520403
1611956067,c96e1815401813c0dc01443f20b1abe2,17,1,0,0,18,0.777777778,0.427792632,0.10083169,11,0.818181818,0.404519917,0.121967344,11,0.909090909,0.301511345,0.090909091,21594,7,10,Native,28051,19,100K-200K,Very Comfortable,Female,birth,No,No,No,78181,17,62,0.870967742,0.337972303,0.042922525
1618933230,bf9b6bf915a98512218f81e7a3efbcc1,19,0.947368421,0.229415734,0.052631579,17,0.705882353,0.469668218,0.113911275,11,1,0,0,11,0.727272727,0.467099366,0.140835758,30829,2.6,10,Native,17421,NA,100K-200K,Somewhat comfortable,,birth,No,No,No,77987,20,62,0.822580645,0.385141811,0.048913059
1619475057,b89e621082ab22fde7c8d72f091930e0,18,1,0,0,18,0.722222222,0.460888599,0.108632485,11,1,0,0,10,0.8,0.421637021,0.133333333,12393,3.5,4,Native,36649,19,100K-200K,Very Comfortable,Female,birth,No,No,No,77486,11,62,0.870967742,0.337972303,0.042922525
1619643761,2a886c7dff363d599e5e2c8bb63abf9c,17,1,0,0,18,0.833333333,0.383482494,0.090387691,10,0.9,0.316227766,0.1,11,0.727272727,0.467099366,0.140835758,37157,6.3,10,Native,29669,20,unsure,Very uncomfortable,female,birth,No,No,No,77042,17,62,0.85483871,0.355139049,0.045102704
1619238853,10bcdab06622da359f7c5b8bfa54c15c,18,1,0,0,19,0.631578947,0.495594628,0.113697205,10,1,0,0,10,0.8,0.421637021,0.133333333,31935,5.3,10,Native,25315,21,50K-75K,Somewhat comfortable,Female,before5,No,No,No,76767,18,62,0.85483871,0.355139049,0.045102704
1606677632,2bcb939e26f506c5f0af9542fa80334c,19,1,0,0,19,0.736842105,0.452413928,0.103790873,11,0.818181818,0.404519917,0.121967344,10,0.8,0.421637021,0.133333333,40794,6.3,10,Native,31175,18,unsure,Very Comfortable,Female,birth,No,No,No,76490,9,62,0.838709677,0.370801011,0.047091775
1618767808,fa477120a03ac012a2e62c69241ad55d,14,0.928571429,0.267261242,0.071428571,13,0.461538462,0.518874522,0.143909899,9,0.666666667,0.5,0.166666667,11,0.454545455,0.522232968,0.157459164,35898,1.7,10,Native,31654,18,100K-200K,Very Comfortable,Female,birth,No,No,No,75723,9,62,0.612903226,0.491062372,0.062364984
1607415144,893cb7232c53cf651cbc8f2d4fe62cac,20,0.95,0.223606798,0.05,19,0.684210526,0.477566933,0.109561368,11,0.909090909,0.301511345,0.090909091,11,0.818181818,0.404519917,0.121967344,32765,4.4,10,Native,29731,20,100K-200K,Very Comfortable,female,birth,No,No,No,75601,10,62,0.838709677,0.370801011,0.047091775
1602616567,6ec3ee8b1b99965642c4805dfb143c46,32,0.9375,0.245934688,0.043475521,34,0.705882353,0.46249729,0.079317631,30,0.6,0.498272879,0.090971765,36,0.666666667,0.478091444,0.079681907,38395,2.7,10,Native,31681,18,unsure,Very Comfortable,Male,birth,No,No,No,75118,10,80,0.6875,0.466436803,0.05214922
1607387120,b609a42997d0207e691eb3f348103c07,8,0.875,0.353553391,0.125,15,0.666666667,0.487950036,0.125988158,9,0.888888889,0.333333333,0.111111111,8,0.625,0.51754917,0.182981264,30403,3.6,10,Native,29912,20,<75K-100K,Very Comfortable,female,birth,No,No,No,74702,11,62,0.741935484,0.441141733,0.056025056
1606959000,8fdd7fec777e64620c8d14d3a075acf2,20,1,0,0,19,0.842105263,0.374634325,0.085947009,11,0.818181818,0.404519917,0.121967344,11,0.454545455,0.522232968,0.157459164,45711,2.8,10,Native,23980,18,100K-200K,Very Comfortable,Female,birth,No,No,No,74315,21,62,0.806451613,0.398304179,0.050584681
1606856978,cb6889d7e71ce0d88e883f449ace8690,18,1,0,0,20,0.75,0.444261658,0.099339927,11,0.909090909,0.301511345,0.090909091,11,0.727272727,0.467099366,0.140835758,24189,1.2,10,Native,27471,19,100K-200K,Very Comfortable,Male,before5,No,No,No,73066,14,62,0.85483871,0.355139049,0.045102704
1607379029,35a01b34d981c603758a1b8aa59765b8,16,1,0,0,13,0.538461538,0.518874522,0.143909899,9,1,0,0,8,0.75,0.46291005,0.163663418,28497,5.7,10,Native,31268,21,10K-25K,Very Comfortable,female,birth,No,No,No,72161,11,62,0.838709677,0.370801011,0.047091775
1617748462,d1b8d3d02084dbde2e67d49d9a6433c1,19,1,0,0,19,0.842105263,0.374634325,0.085947009,11,0.909090909,0.301511345,0.090909091,11,0.818181818,0.404519917,0.121967344,34888,2.7,10,Native,26454,21,100K-200K,Very Comfortable,female,birth,No,No,No,71493,9,62,0.903225806,0.298063555,0.037854109
1606796791,4920b264020583a03fe6b06cec2c70ae,19,0.947368421,0.229415734,0.052631579,19,0.736842105,0.452413928,0.103790873,11,0.909090909,0.301511345,0.090909091,10,0.8,0.421637021,0.133333333,39495,4.3,10,Native,27822,18,100K-200K,Very Comfortable,Male,birth,No,No,No,70765,11,62,0.838709677,0.370801011,0.047091775
1607581586,a887a832551c3cacf4a797f8dc9eddfb,19,0.947368421,0.229415734,0.052631579,20,0.8,0.410391341,0.091766294,11,1,0,0,11,0.818181818,0.404519917,0.121967344,11437,6.8,5,Native,39180,20,>200K,Very Comfortable,Female,birth,No,No,No,70562,22,62,0.887096774,0.319057974,0.040520403
1607395922,4c29e5e42c33c6a05ddfda7ff8b0731a,18,1,0,0,18,0.777777778,0.427792632,0.10083169,11,1,0,0,10,0.8,0.421637021,0.133333333,28720,6,10,Native,26858,19,<10K,Very Comfortable,Male,birth,No,No,No,69858,16,62,0.887096774,0.319057974,0.040520403
1612120368,767bbb3ac13463a5e69cbdb542738199,14,0.928571429,0.267261242,0.071428571,19,0.578947368,0.507257274,0.1163728,11,0.727272727,0.467099366,0.140835758,11,0.545454545,0.522232968,0.157459164,45530,2.2,10,Native,28310,20,>200K,Somewhat comfortable,femal,birth,No,No,No,69184,9,62,0.693548387,0.464783033,0.059027504
1611981253,827d6b8015430a7a464aea5f7fc554bc,19,1,0,0,19,0.947368421,0.229415734,0.052631579,10,1,0,0,10,1,0,0,22952,3.7,10,Native,19746,20,50K-75K,Very Comfortable,Female,before5,No,No,No,67198,16,62,0.983870968,0.127000127,0.016129032
1606882452,35f03c81045d7b0ff26af64df20df76b,19,1,0,0,19,0.789473684,0.418853908,0.096091677,11,0.909090909,0.301511345,0.090909091,11,0.909090909,0.301511345,0.090909091,48891,5.4,10,Native,39800,18,100K-200K,Very Comfortable,male,birth,No,No,No,67113,8,62,0.903225806,0.298063555,0.037854109
1607554991,34352816fc769a5e8b78b6c640149726,20,1,0,0,20,0.85,0.366347549,0.081917802,11,1,0,0,11,1,0,0,11256,2.75,4,Native,26762,18,10K-25K,Very Comfortable,cisgender male,birth,No,No,No,66225,10,62,0.951612903,0.216334543,0.027474514
1606784986,3880a62ee0bf740d4cce4eb0fa53ef96,19,0.947368421,0.229415734,0.052631579,19,0.842105263,0.374634325,0.085947009,10,1,0,0,11,0.818181818,0.404519917,0.121967344,12110,5.25,4,Native,20739,22,10K-25K,Very Comfortable,Female,birth,No,No,No,65647,11,62,0.903225806,0.298063555,0.037854109
1607560342,78189e4a71706a0eabc7fc28a47b39ef,19,1,0,0,20,0.85,0.366347549,0.081917802,10,1,0,0,11,0.909090909,0.301511345,0.090909091,47210,4.3,10,Native,38278,20,unsure,Very Comfortable,Female,birth,No,No,No,64021,0,62,0.935483871,0.247675604,0.031454833
1607483140,41f9b17f81f95fc84e57423f2bcccdb1,18,0.944444444,0.23570226,0.055555556,20,0.7,0.470162346,0.105131497,11,1,0,0,11,0.636363636,0.504524979,0.152120005,35569,4.1,10,Native,36539,18,10K-25K,Very Comfortable,Male,birth,No,No,No,63998,5,62,0.806451613,0.398304179,0.050584681
1619031284,b561df5356d92c78199707eb4fcd49cb,20,1,0,0,19,0.684210526,0.477566933,0.109561368,10,0.9,0.316227766,0.1,10,0.7,0.483045892,0.152752523,33011,3.3,10,Native,47080,18,100K-200K,Very Comfortable,male,before5,No,No,No,63995,8,62,0.838709677,0.370801011,0.047091775
1607123971,56f9719e0ca4af6bfb592d116bc98941,17,1,0,0,19,0.842105263,0.374634325,0.085947009,10,0.9,0.316227766,0.1,10,0.9,0.316227766,0.1,294965,6.1,10,Native,26217,18,100K-200K,Very Comfortable,Male,birth,No,No,No,63549,8,62,0.903225806,0.298063555,0.037854109
1606702335,9c8fb9c87116f55da9a6b02391e2d756,20,1,0,0,18,0.777777778,0.427792632,0.10083169,11,0.818181818,0.404519917,0.121967344,11,0.909090909,0.301511345,0.090909091,43397,4.3,10,Native,37665,23,50K-75K,Somewhat comfortable,Male,before5,No,No,No,61714,7,62,0.870967742,0.337972303,0.042922525
1607549762,23ba5ded34801f7097247af61221c718,17,1,0,0,19,0.894736842,0.315301768,0.072335186,11,1,0,0,11,0.909090909,0.301511345,0.090909091,35170,4.6,10,Native,21548,20,25K-50K,Very Comfortable,Male,birth,No,No,No,61606,12,62,0.951612903,0.216334543,0.027474514
1617427058,f0f1c8288eb7ffb227cf4f681c9bfe6a,18,0.944444444,0.23570226,0.055555556,19,0.842105263,0.374634325,0.085947009,11,0.727272727,0.467099366,0.140835758,11,0.636363636,0.504524979,0.152120005,38830,5.4,10,Native,23783,21,50K-75K,Very Comfortable,Male,birth,No,No,No,59344,6,62,0.806451613,0.398304179,0.050584681
1619121179,8765e484a52a9815d1b1085f24d2b063,16,0.8125,0.403112887,0.100778222,18,0.722222222,0.460888599,0.108632485,11,0.818181818,0.404519917,0.121967344,10,0.9,0.316227766,0.1,51185,4.6,10,Native,36888,18,100K-200K,Somewhat comfortable,female,birth,No,No,No,56235,6,62,0.822580645,0.385141811,0.048913059
1607578511,00b6ab72bda0be99da70075ee09e9363,13,1,0,0,15,0.666666667,0.487950036,0.125988158,8,0.75,0.46291005,0.163663418,10,0.5,0.527046277,0.166666667,8432,4,4,Native,8522,NA,,,,birth,No,No,No,55990,8,62,0.758064516,0.431751442,0.054832488
1607116331,228c6d50acfec75d2b6760e28d027d6e,12,1,0,0,17,0.647058824,0.492592183,0.119471153,8,0.75,0.46291005,0.163663418,10,0.9,0.316227766,0.1,34188,4.4,10,Native,33641,21,>200K,Very Comfortable,female,birth,No,No,No,55559,8,62,0.822580645,0.385141811,0.048913059
1607627169,81e59eb0533f7bdc4700d5a42d854789,11,1,0,0,16,0.625,0.5,0.125,9,0.777777778,0.440958552,0.146986184,10,0.7,0.483045892,0.152752523,21935,2.4,10,Native,300453,19,>200K,Very Comfortable,female,birth,No,No,No,53433,10,62,0.774193548,0.421525521,0.053533795
1619285716,08c8c98dcff1a3b29a693ac1f226b9c7,13,1,0,0,16,0.75,0.447213595,0.111803399,10,0.8,0.421637021,0.133333333,11,0.636363636,0.504524979,0.152120005,235878,4.5,10,Native,47416,21,100K-200K,Very Comfortable,female,birth,No,No,No,48588,11,62,0.822580645,0.385141811,0.048913059
1617833162,0d1aaec26f242ae6a68dd5e41f94e4c4,19,1,0,0,18,0.666666667,0.48507125,0.11433239,11,0.727272727,0.467099366,0.140835758,11,0.818181818,0.404519917,0.121967344,41123,2.2,10,Native,34546,19,unsure,Very Comfortable,Female,birth,No,No,No,37066,0,62,0.806451613,0.398304179,0.050584681
1607572844,e26dd4cf9b5322e2ca572938a99ceecf,18,0.888888889,0.323380833,0.076221593,20,0.55,0.510417786,0.114132887,11,0.727272727,0.467099366,0.140835758,10,0.8,0.421637021,0.133333333,29631,1.5,10,Native,148985,18,unsure,Very Comfortable,Female,birth,No,No,No,22333,2,62,0.741935484,0.441141733,0.056025056